url,brand,retailer,name,category,categoryDetail,color,colorDetail,occasions,why,fabric,details,desc,price,img,id
https://us.boden.com/products/women-raglan-embroidered-top-mid-blue-t2183blu,Boden,Boden,Raglan Embroidered Top,Shirts & Blouses,Embroidered blouse,Blue,Mid Blue,teaching; friend; hang,"cotton and linen breathe, raglan sleeves move; embroidery makes it a teaching-day blouse",Cotton and linen,Owner-requested 2026-09-20; On sale at Boden that day: $133 was $190,,,,433
https://us.toa.st/products/washed-black-denim-skirt-carbon-black,TOAST,TOAST,Washed Black Denim Skirt,Skirts,A-line denim skirt,Black,Carbon Black,teaching; hang; friend,"heavy washed denim in an A-line, lower-calf length; the shape she keeps hearting, in a skirt","100% cotton denim, with recycled and regenerative cotton",Owner-requested 2026-09-20; Sizes 4 to 18; Lower-calf length regular fit on the waist,,,,434
https://paperstraight.com/products/summit-mule-black,Paper Straight,Paper Straight,Summit Mule,Shoes,Suede lug-sole mule,Black,Black,hang; friend; teaching,"an open-back mule she steps into, nothing to lace unless she wants to; suede on a lug sole for everyday","Suede leather upper, rubber lug sole","Bandage days: left foot in her usual size, right foot one to two sizes up.; Open back, so it stays on loose, and the D-ring lace over the vamp can be snugged or left alone; Sizes EU 38 to 47. Their chart calls EU 41 a US 8 and EU 42 a US 8.5, and EU 41 to 45 were in stock when added; Overseas seller: read the return terms below before ordering two sizes to compare; Suede: brush and protector, keep out of heavy rain",,,,
https://paperstraight.com/products/ridgeworks-high-brown-grain?variant=59259072020814,Paper Straight,Paper Straight,Ridgeworks High,Shoes,Lace-up high-top boot,Brown,Brown Grain,outdoors; hang; friend,"a full-grain leather high-top on a rubber lug sole, for wet sidewalks and walks","Full-grain leather upper, smooth lining, rubber lug sole","Bandage days: left foot in her usual size, right foot one to two sizes up.; The link opens on EU 42, which their chart calls a US 8.5; Sizes EU 38 to 47, all in stock when added; On sale when added: $209, listed at $419; Overseas seller: read the return terms below before ordering two sizes to compare",,,,
https://www.cosyfeet.com/usa/moose-high-performance,Cosyfeet,Cosyfeet,Moose High-Performance,Shoes,"Waterproof walking boot, 6E",Green,Moss,outdoors; hang,"a waterproof walking boot in Cosyfeet's 6E width, with a lace that adjusts to swelling; winter sidewalks and trails","Nubuck and textile upper (Moss), CosyTex waterproof membrane, TPU and PU sole","Bandage days: left foot in her usual size, right foot one to two sizes up.; 6E width, Cosyfeet's women's fitting, in US sizes 6 to 11 including half sizes; Water-resistant lace adjusts across a range of swelling, and the padded collar fits swollen and slimmer ankles; Seam-free toe, and the footbed comes out for extra depth; Also in Graphite (waxed leather) and Teal Multi; Ships from the UK: about $20, free over $150, with 90-day returns","Designed for more challenging conditions: a self-clearing tread that works in mud, ice and snow, a double-density TPU sole that stays flexible in the cold, and a light, shock-absorbing PU midsole. Water-repellent leather with the breathable, windproof and waterproof CosyTex membrane keeps feet warm and dry. Roomier than it looks, with a hidden-depth design.",199,https://www.cosyfeet.com/media/catalog/product/m/s/msx603_hero.jpg,
https://sondeflor.com/products/mini-wrap-dress-butterfly-sleeve-black-pansy,Son de Flor,Son de Flor,"Wrap Mini Dress, Butterfly Sleeves",Dresses,Mini wrap dress,Black,Black Pansy,dance; friend; dressy,"a true wrap in linen with fluttery sleeves, short and swingy for dancing",100% linen,Sizes XXS to XL; Handmade in Lithuania by Son de Flor,"Handmade by Son de Flor from 100% linen, long lasting and soft to the touch.",,,
https://sondeflor.com/products/underhill-dress-sleeveless-blue-gingham,Son de Flor,Son de Flor,Underhill Square-Neck Midi Dress,Dresses,Sleeveless midi dress,Blue,Blue Gingham,teaching; dance; friend,"breathable linen midi with a square neck, easy through the body",100% linen,Sizes XXS to XL; Made to order: ships in about three weeks; Handmade in Lithuania by Son de Flor,"Handmade by Son de Flor from 100% linen, long lasting and soft to the touch.",,,
https://sondeflor.com/products/wrap-dress-short-sleeve-petal-check,Son de Flor,Son de Flor,"Wrap Dress, Short Sleeves",Dresses,Linen wrap dress,Multi/Print,Petal Check,teaching; dance; friend,a linen wrap that adjusts at the waist and moves when she spins,100% linen,"Sizes XXS to XL; Also in Vetiver, Black Pansy and Evergreen; Handmade in Lithuania by Son de Flor","Handmade by Son de Flor from 100% linen, long lasting and soft to the touch.",,,
https://sondeflor.com/products/classic-coat-wool-moss-green,Son de Flor,Son de Flor,"Classic Wool Coat, Thumbhole Sleeves",Jackets & Coats,Virgin wool coat,Green,Moss Green,outdoors; teaching; hang,"virgin wool with thumbhole cuffs, a warm layer for Maine walks and cold classrooms",100% wool,"Sizes XXS to 5XL, in paired sizes; Also in Black Pansy and Wild Plum; Handmade in Lithuania by Son de Flor","Handmade by Son de Flor from 100% wool, long lasting and soft to the touch.",,,
https://sondeflor.com/products/double-slit-dress-wool-moss-green,Son de Flor,Son de Flor,Double Slit Wool Tunic Dress,Dresses,Virgin wool tunic dress,Green,Moss Green,teaching; hang; friend,"a wool tunic dress with side slits, over trousers or on its own in winter",100% wool,"Sizes XXS to 5XL, in paired sizes; Thumbhole sleeves, also in Black Pansy and Wild Plum; Handmade in Lithuania by Son de Flor","Handmade by Son de Flor from 100% wool, long lasting and soft to the touch.",,,
https://sondeflor.com/products/wrap-skirt-moss-green,Son de Flor,Son de Flor,Wrap Full-Circle Skirt,Skirts,Full-circle linen wrap skirt,Green,Moss Green,dance; teaching; friend,"a full-circle linen wrap skirt: all swing, adjustable waist",100% linen,"Sizes XXS to 5XL, in paired sizes; Also in Olive Green, Red Dahlia, Black Pansy and Evergreen; Handmade in Lithuania by Son de Flor","Handmade by Son de Flor from 100% linen, long lasting and soft to the touch.",,,
https://sondeflor.com/products/classic-skirt-wild-rose,Son de Flor,Son de Flor,Classic Full-Circle Midi Skirt,Skirts,Full-circle linen midi skirt,Pink,Wild Rose,dance; teaching; friend,a full-circle linen midi that flares on every turn,100% linen,"Sizes XXS to XL; Also in Vetiver, Pale Purple, Brown Tartan, Night Navy and Black Pansy; Handmade in Lithuania by Son de Flor","Handmade by Son de Flor from 100% linen, long lasting and soft to the touch.",,,
https://sondeflor.com/products/frida-dress-long-sleeve-twilight-tartan,Son de Flor,Son de Flor,Frida Shirt-Collar Dress,Dresses,Long-sleeve linen shirt dress,Multi/Print,Twilight Tartan,teaching; friend; dressy,"a collared tartan linen dress, polished enough for teaching and dinner out",100% linen,Sizes XXS to XL; Named for Frida Kahlo; Handmade in Lithuania by Son de Flor,"Handmade by Son de Flor from 100% linen, long lasting and soft to the touch.",,,
https://sondeflor.com/products/darcy-dress-long-sleeve-moss-green,Son de Flor,Son de Flor,Darcy Ruffled Wrap Dress,Dresses,Long-sleeve linen wrap dress,Green,Moss Green,teaching; dance; friend,"a linen wrap with a ruffled V-neck and long sleeves, moss green",100% linen,"Sizes XXS to XL; Also in Blue Gingham, Black Pansy, Brown Tartan, Night Navy and Evergreen; Handmade in Lithuania by Son de Flor","Handmade by Son de Flor from 100% linen, long lasting and soft to the touch.",,,
https://sondeflor.com/products/wander-shirt-long-sleeve-night-navy,Son de Flor,Son de Flor,Wander Sailor-Collar Shirt,Shirts & Blouses,Linen shirt with sailor collar,Blue,Night Navy,teaching; hang; friend,"a navy linen shirt with a sailor collar, for tucking into her cord skirts",100% linen,Sizes XXS to XL; Also in Sky Gingham; Handmade in Lithuania by Son de Flor,"Handmade by Son de Flor from 100% linen, long lasting and soft to the touch.",,,
https://sondeflor.com/products/ona-shirt-long-sleeve-pink-blush,Son de Flor,Son de Flor,Ona Oversized Shirt,Shirts & Blouses,Oversized linen shirt,Pink,Pink Blush,hang; teaching; friend,"a roomy linen shirt to throw on, soft pink",100% linen,"Sizes XXS to XL; Also in Dusty Blue and White Magnolia, named for Ona Šimaitė; Handmade in Lithuania by Son de Flor","Handmade by Son de Flor from 100% linen, long lasting and soft to the touch.",,,
https://sondeflor.com/products/rosa-dress-sleeveless-linen-denim,Son de Flor,Son de Flor,Rosa Double-Button Midi Dress,Dresses,Sleeveless linen-denim midi dress,Denim,Linen Denim,teaching; friend; hang,"linen denim in a double-button pinafore midi, over a tee or a shirt","65% linen, 17% viscose, 9% tencel, 9% cotton",Sizes XXS to XL; Named for Rosa Parks; Handmade in Lithuania by Son de Flor,"Handmade by Son de Flor from 65% linen, 17% viscose, 9% tencel, 9% cotton, long lasting and soft to the touch.",,,
https://sondeflor.com/products/darcy-dress-long-sleeve-blue-gingham,Son de Flor,Son de Flor,Darcy Ruffled Wrap Dress,Dresses,Long-sleeve linen wrap dress,Blue,Blue Gingham,teaching; dance; friend,"the Darcy wrap in blue gingham, ruffled V-neck and long sleeves",100% linen,"Sizes XXS to XL; Also in Moss Green, Black Pansy, Brown Tartan, Night Navy and Evergreen; Handmade in Lithuania by Son de Flor","Handmade by Son de Flor from 100% linen, long lasting and soft to the touch.",,,
https://sondeflor.com/products/lilly-skirt-golden-palm,Son de Flor,Son de Flor,Lilly Button Midi Skirt,Skirts,Button-front linen midi skirt,Yellow/Gold,Golden Palm,teaching; friend; dance,"a button-front linen midi skirt, the shape she keeps saving",100% linen,Sizes XXS to XL; Handmade in Lithuania by Son de Flor,"Handmade by Son de Flor from 100% linen, long lasting and soft to the touch.",,,
https://sondeflor.com/products/maxi-catherine-trousers-vetiver-green,Son de Flor,Son de Flor,Catherine Wide-Leg Maxi Trousers,Pants,Wide-leg linen trousers,Beige/Tan,Vetiver,teaching; dance; hang,"full-length wide-leg linen trousers, never tapered, room to move",100% linen,Sizes XXS to XL; Also in Night Navy; Handmade in Lithuania by Son de Flor,"Handmade by Son de Flor from 100% linen, long lasting and soft to the touch.",,,
https://sondeflor.com/products/mini-wrap-dress-short-sleeve-linen-denim,Son de Flor,Son de Flor,Wrap Mini Denim Dress,Dresses,Mini linen-denim wrap dress,Denim,Linen Denim,friend; dance; hang,a short linen-denim wrap dress for summer evenings and dancing,"65% linen, 17% viscose, 9% tencel, 9% cotton",Sizes XXS to XL; Handmade in Lithuania by Son de Flor,"Handmade by Son de Flor from 65% linen, 17% viscose, 9% tencel, 9% cotton, long lasting and soft to the touch.",,,
https://sondeflor.com/products/classic-dress-evergreen-short-sleeve,Son de Flor,Son de Flor,Classic Peter Pan Collar Dress,Dresses,Short-sleeve linen dress,Green,Evergreen,teaching; friend; dressy,"a Peter Pan collar linen dress in deep evergreen, neat for teaching",100% linen,"Sizes XXS to XL; Also in White Magnolia, Black Pansy, Black Pansy with white collar, Leaf Dance; Handmade in Lithuania by Son de Flor","Handmade by Son de Flor from 100% linen, long lasting and soft to the touch.",,,
https://sondeflor.com/products/elaine-vest-sleeveless-matcha-latte,Son de Flor,Son de Flor,Elaine Sleeveless Vest,Tops & Tees,Cotton-linen vest,Green,Matcha Latte,teaching; hang; dance,a sleeveless cotton-linen vest to layer over shirts or wear alone for dancing,"70% cotton, 30% linen","Sizes XXS to 5XL, in paired sizes; Also in White Magnolia; Handmade in Lithuania by Son de Flor","Handmade by Son de Flor from 70% cotton, 30% linen, long lasting and soft to the touch.",,,
